../../../../../app/code/community/Fooman/Common/                              /app/code/community/Fooman/Common/
../../../../../app/design/adminhtml/default/default/layout/fooman_common.xml  /app/design/adminhtml/default/default/layout/fooman_common.xml
../../../../../app/design/adminhtml/default/default/template/fooman/common/   /app/design/adminhtml/default/default/template/fooman/common/
../../../../../app/etc/modules/Fooman_Common.xml                              /app/etc/modules/Fooman_Common.xml
../../../../../app/locale/de_De/Fooman_Common.csv                             /app/locale/de_De/Fooman_Common.csv
../../../../../app/locale/en_US/Fooman_Common.csv                             /app/locale/en_US/Fooman_Common.csv
../../../../../app/locale/it_IT/Fooman_Common.csv                             /app/locale/it_IT/Fooman_Common.csv